05/24/2021,           DEPOSIT FROM            PAYPAL-TRANSFER YPEP37143 SYSTEM GENERATED,18.00,242.99
05/24/2021,           DEPOSIT FROM            PAYPAL-TRANSFER YPEP37142 SYSTEM GENERATED,21.71,224.99
05/24/2021,           DEPOSIT FROM            PAYPAL-TRANSFER YPEP37141 SYSTEM GENERATED,53.30,203.28
05/24/2021,           DEPOSIT FROM            PAYPAL-TRANSFER YPEP37140 SYSTEM GENERATED,52.24,149.98
05/24/2021,           DEPOSIT FROM            PAYPAL-TRANSFER YPEP37139 SYSTEM GENERATED,23.55,97.74
05/20/2021,           DEPOSIT FROM            PAYPAL-TRANSFER YPEP37438 SYSTEM GENERATED,42.64,156.87
05/19/2021,           DEPOSIT FROM            PAYPAL-TRANSFER YPEP52458 SYSTEM GENERATED,9.96,114.23
05/18/2021,           DEPOSIT FROM            PAYPAL-TRANSFER YPEP43476 SYSTEM GENERATED,4.80,304.27
05/18/2021,           DEPOSIT FROM            PAYPAL-TRANSFER YPEP43475 SYSTEM GENERATED,17.05,299.47
05/17/2021,           DEPOSIT FROM            PAYPAL-TRANSFER YPEP41897 SYSTEM GENERATED,23.55,282.42
05/17/2021,           DEPOSIT FROM            PAYPAL-TRANSFER YPEP41896 SYSTEM GENERATED,23.99,258.87
05/14/2021,           DEPOSIT FROM            PAYPAL-TRANSFER YPE108078 SYSTEM GENERATED,20.00,334.88
05/14/2021,           DEPOSIT FROM            PAYPAL-TRANSFER YPE108076 SYSTEM GENERATED,45.16,314.88
05/12/2021,           DEPOSIT FROM            PAYPAL-TRANSFER YPEP51713 SYSTEM GENERATED,19.99,199.28
05/11/2021,           DEPOSIT FROM            PAYPAL-TRANSFER YPEP44579 SYSTEM GENERATED,7.99,179.29
05/10/2021,           DEPOSIT FROM            PAYPAL-TRANSFER YPEP39405 SYSTEM GENERATED,18.60,171.30
05/03/2021,           DEPOSIT FROM            PAYPAL-TRANSFER YPEP82305 SYSTEM GENERATED,21.93,924.48
04/29/2021,           DEPOSIT FROM            PAYPAL-TRANSFER YPEP41241 SYSTEM GENERATED,32.99,810.72
04/28/2021,           DEPOSIT FROM            PAYPAL-TRANSFER YPEP56777 SYSTEM GENERATED,64.56,951.73
04/26/2021,           PAYMENT TO PAYPAL-INST            XFER YPE151850 SYSTEM GENERATED,-50.00,887.17
04/26/2021,           DEPOSIT FROM            PAYPAL-TRANSFER YPEP41984 SYSTEM GENERATED,28.75,997.69
04/23/2021,           DEPOSIT FROM            PAYPAL-TRANSFER YPEP64520 SYSTEM GENERATED,13.13,968.94
04/22/2021,           DEPOSIT FROM            PAYPAL-TRANSFER YPEP37441 SYSTEM GENERATED,53.29,"1,177.63"
04/22/2021,           DEPOSIT FROM            PAYPAL-TRANSFER YPEP37440 SYSTEM GENERATED,23.99,"1,124.34"
04/21/2021,           DEPOSIT FROM            PAYPAL-TRANSFER YPEP52961 SYSTEM GENERATED,18.41,100.35
04/14/2021,           DEPOSIT FROM            PAYPAL-TRANSFER YPEP54139 SYSTEM GENERATED,14.03,69.07
04/13/2021,           DEPOSIT FROM            PAYPAL-TRANSFER YPEP45483 SYSTEM GENERATED,12.46,79.87
04/13/2021,           DEPOSIT FROM            PAYPAL-TRANSFER YPEP45482 SYSTEM GENERATED,48.11,67.41
04/09/2021,           DEPOSIT FROM            PAYPAL-TRANSFER YPEP64044 SYSTEM GENERATED,9.47,119.30
04/08/2021,           DEPOSIT FROM            PAYPAL-TRANSFER YPEP38152 SYSTEM GENERATED,19.73,202.06
04/08/2021,           DEPOSIT FROM            PAYPAL-TRANSFER YPEP38151 SYSTEM GENERATED,23.93,182.33
04/07/2021,           DEPOSIT FROM            PAYPAL-TRANSFER YPEP59620 SYSTEM GENERATED,82.84,158.40
04/07/2021,           DEPOSIT FROM            PAYPAL-TRANSFER YPEP59618 SYSTEM GENERATED,23.13,75.56
04/07/2021,           DEPOSIT FROM            PAYPAL-TRANSFER YPEP59619 SYSTEM GENERATED,14.03,52.43
04/02/2021,           DEPOSIT FROM            PAYPAL-TRANSFER YPEP95883 SYSTEM GENERATED,24.00,64.51
04/01/2021,           DEPOSIT FROM            PAYPAL-TRANSFER YPEP83754 SYSTEM GENERATED,42.64,356.94
03/31/2021,           DEPOSIT FROM            PAYPAL-TRANSFER YPEP90560 SYSTEM GENERATED,35.98,623.12
03/30/2021,           DEPOSIT FROM            PAYPAL-TRANSFER YPEP41798 SYSTEM GENERATED,1.82,337.14
03/29/2021,           DEPOSIT FROM            PAYPAL-TRANSFER YPEP37976 SYSTEM GENERATED,28.75,452.92
03/29/2021,           DEPOSIT FROM            PAYPAL-TRANSFER YPEP37975 SYSTEM GENERATED,19.77,424.17
03/29/2021,           DEPOSIT FROM            PAYPAL-TRANSFER YPEP37974 SYSTEM GENERATED,34.56,404.40
03/29/2021,           DEPOSIT FROM            PAYPAL-TRANSFER YPEP37972 SYSTEM GENERATED,28.78,369.84
03/29/2021,           DEPOSIT FROM            PAYPAL-TRANSFER YPEP37973 SYSTEM GENERATED,41.49,341.06
03/26/2021,           DEPOSIT FROM            PAYPAL-TRANSFER YPEP65846 SYSTEM GENERATED,13.85,358.67
03/26/2021,           DEPOSIT FROM            PAYPAL-TRANSFER YPEP65845 SYSTEM GENERATED,21.85,344.82
03/25/2021,           DEPOSIT FROM            PAYPAL-TRANSFER YPEP38964 SYSTEM GENERATED,18.81,322.97
03/25/2021,           DEPOSIT FROM            PAYPAL-TRANSFER YPEP38965 SYSTEM GENERATED,26.65,304.16
03/24/2021,           DEPOSIT FROM            PAYPAL-TRANSFER YPEP80736 SYSTEM GENERATED,21.86,277.51
03/23/2021,           DEPOSIT FROM            PAYPAL-TRANSFER YPEP38601 SYSTEM GENERATED,104.86,455.65
03/23/2021,           DEPOSIT FROM            PAYPAL-TRANSFER YPEP38600 SYSTEM GENERATED,18.81,350.79
03/23/2021,           DEPOSIT FROM            PAYPAL-TRANSFER YPEP38599 SYSTEM GENERATED,67.57,331.98
03/22/2021,           DEPOSIT FROM            PAYPAL-TRANSFER YPEP41922 SYSTEM GENERATED,59.89,355.24
03/22/2021,           DEPOSIT FROM            PAYPAL-TRANSFER YPEP41921 SYSTEM GENERATED,17.23,295.35
03/19/2021,           DEPOSIT FROM            PAYPAL-TRANSFER YPEP78742 SYSTEM GENERATED,20.82,278.12
03/19/2021,           DEPOSIT FROM            PAYPAL-TRANSFER YPEP78741 SYSTEM GENERATED,26.56,257.30
03/19/2021,           DEPOSIT FROM            PAYPAL-TRANSFER YPEP78740 SYSTEM GENERATED,31.87,230.74
03/19/2021,           DEPOSIT FROM            PAYPAL-TRANSFER YPEP78739 SYSTEM GENERATED,19.18,198.87
03/18/2021,           DEPOSIT FROM            PAYPAL-TRANSFER YPEP41161 SYSTEM GENERATED,13.47,216.99
03/17/2021,           DEPOSIT FROM            PAYPAL-TRANSFER YPE123973 SYSTEM GENERATED,6.82,403.52
03/16/2021,           DEPOSIT FROM            PAYPAL-TRANSFER YPEP46071 SYSTEM GENERATED,26.94,469.60
03/15/2021,           PAYMENT TO PAYPAL-INST            XFER YPE217053 SYSTEM GENERATED,-1.00,442.66
03/15/2021,           PAYMENT TO            PAYPAL-VERIFYBANK YPE217052 SYSTEM GENERATED,-0.13,443.66
03/15/2021,           DEPOSIT FROM            PAYPAL-TRANSFER YPEP80021 SYSTEM GENERATED,9.26,451.86
03/15/2021,           DEPOSIT FROM            PAYPAL-VERIFYBANK YPEP80020 SYSTEM GENERATED,0.01,442.60
03/15/2021,           DEPOSIT FROM            PAYPAL-VERIFYBANK YPEP80019 SYSTEM GENERATED,0.12,442.59
03/15/2021,           RTP TRANSFER FROM PAYPAL 21031304194992518 20210312021000021P1BRJPM00540066123 YRTG44909 OTHERS,0.99,192.47
